"","Sample_1","Sample_2"
"B.cells",0.188899122216215,0.141777921974995
"CD4.T.cells",0.309831342020004,0.318866359701925
"CD8.T.cells",0.0963248441340425,0.0712262527901734
"NK.cells",-0.0456347415186432,-0.0517020535308003
"neutrophils",0.160782989477682,0.163020596936101
"monocytic.lineage",0.0529310969499952,0.131204181347804
"fibroblasts",0.188720384375731,0.170000233071814
"endothelial.cells",0.283468290480592,0.270635345222704
