"","Sample_1","Sample_2"
"B.cells",0.22562336909311,0.156379592088167
"CD4.T.cells",0.182002780245411,0.276835566203672
"CD8.T.cells",0.307598614882432,0.100546320366017
"NK.cells",-0.0816600812504185,-0.0289465152041253
"neutrophils",0.0719795025365517,0.087516339919441
"monocytic.lineage",0.0543769114654013,0.142684063481351
"fibroblasts",0.186259042469652,0.181403632183768
"endothelial.cells",0.0360668646007265,0.0349289503788124
